lineage1	244550
lineage1	272678
lineage1	344288
lineage1	495473
lineage1	615938
lineage1	646531
lineage1	763886
lineage1	811492
lineage1	812502
lineage1	1119739
lineage1	1560912
lineage1	2508395
lineage1	2897528
lineage1	3233605
lineage1	3647591
lineage1	3830566
lineage1	3876953
lineage1	4022652
lineage1	4081987
lineage1	4081996
lineage1	4398732
lineage1.1	2989683
lineage1.1	4404247
lineage1.2	9260
lineage1.2	1136017
lineage1.2	1553855
lineage1.2	2462700
lineage1.2	3561229
lineage1.2	4049254
lineage1.2	4244420
lineage1.3	2763624
lineage1.3	3470377
lineage1.3	4238120
lineage2	282892
lineage2	497491
lineage2	811753
lineage2	1834177
lineage2	4050811
lineage2	4243460
lineage2	4254431
lineage2	4290135
lineage2	4308395
lineage2.2.1	518987
lineage2.2.1	2298194
lineage2.2.1	4158493
lineage2.2.1	4236237
lineage2.2.2	1565566
lineage2.2.2	2640807
lineage2.2.2	3147511
lineage3	24007
lineage3	633562
lineage3	2840999
lineage3	3582694
lineage3.1.1	2467098
lineage3.1.1	2744388
lineage3.1.1	3023684
lineage3.1.2	1914217
lineage3.1.2	3722702
lineage4.1	62657
lineage4.1	284623
lineage4.1	2020144
lineage4.1	2739174
lineage4.1	4340006
lineage4.2	1466779
lineage4.2	1568018
lineage4.2	1670814
lineage4.2	1872211
lineage4.2	2441970
lineage4.2	3198496
lineage4.2	3469694
lineage4.2	3666905
lineage4.2	4073918
lineage4.2	4291449
lineage4.3	764995
lineage4.3	1389738
lineage4.3	1452071
lineage4.3	2621058
lineage4.3	3191027
lineage4.3	4038287
lineage4.4	4238963
lineage4.6	18091
lineage4.6	54304
lineage4.8	1130526
lineage4.9	8978
lineage4.9	1882573
lineage4.9	1940611
lineage4.9	4165205
lineage5	9566
lineage5	344258
lineage5	352646
lineage5	801959
lineage5	910282
lineage5	1097633
lineage5	1145442
lineage5	1216822
lineage5	1256176
lineage5	1352566
lineage5	1505806
lineage5	1555432
lineage5	1578212
lineage5	1648089
lineage5	1648224
lineage5	1649265
lineage5	1799921
lineage5	1911301
lineage5	2304017
lineage5	2463455
lineage5	2485956
lineage5	2516804
lineage5	2744225
lineage5	3603523
lineage5	3840932
lineage5	3882025
lineage5	4086604
lineage5	4339610
lineage5	4387392
lineage5	4399422
lineage6	334445
lineage6	507989
lineage6	1069146
lineage6	1372002
lineage6	1867707
lineage6	1886077
lineage6	2427828
lineage6	2847737
lineage6	3155164
lineage6	3213255
lineage6	3862148
lineage6	4086697
lineage6	4236891
lineage7	8876
lineage7	22303
lineage7	73456
lineage7	349081
lineage7	497126
lineage7	811642
lineage7	1125894
lineage7	1137518
lineage7	1237743
lineage7	1297084
lineage7	1365895
lineage7	1463776
lineage7	1513250
lineage7	1561245
lineage7	1799774
lineage7	1867937
lineage7	2035938
lineage7	2086202
lineage7	2303524
lineage7	2305184
lineage7	2380244
lineage7	2383599
lineage7	2385615
lineage7	2406193
lineage7	2414272
lineage7	2414434
lineage7	2759363
lineage7	2833478
lineage7	2842238
lineage7	2871227
lineage7	2913373
lineage7	2999030
lineage7	3009027
lineage7	3182040
lineage7	3225566
lineage7	3324231
lineage7	3360233
lineage7	3470461
lineage7	3473482
lineage7	3603631
lineage7	3635935
lineage7	3667883
lineage7	3860696
lineage7	4070302
lineage7	4113054
lineage7	4262608
lineage7	4308411
lineage8	17333
lineage8	23098
lineage8	343314
lineage8	442577
lineage8	459561
lineage8	508454
lineage8	595051
lineage8	742270
lineage8	765772
lineage8	1227518
lineage8	1391766
lineage8	1391967
lineage8	1446846
lineage8	1505182
lineage8	1505455
lineage8	1553399
lineage8	1594788
lineage8	1665285
lineage8	1704707
lineage8	1805152
lineage8	1858921
lineage8	1914246
lineage8	1922231
lineage8	1941256
lineage8	2022784
lineage8	2086736
lineage8	2295359
lineage8	2306915
lineage8	2415402
lineage8	2440802
lineage8	2450263
lineage8	2466760
lineage8	2862497
lineage8	2939600
lineage8	2940079
lineage8	3074400
lineage8	3151706
lineage8	3333720
lineage8	3469397
lineage8	3569319
lineage8	3645324
lineage8	3786517
lineage8	3830815
lineage8	3840800
lineage8	4034711
lineage8	4074512
lineage8	4210592
lineage8	4227348
lineage8	4254755
lineage8	4410891
lineage9	3094577
lineage9	3225892
lineage9	3370805
lineage9	3414553
mbovis	45193
mbovis	62768
mbovis	354054
mbovis	437465
mbovis	602207
mbovis	648667
mbovis	652935
mbovis	905082
mbovis	1137632
mbovis	1344741
mbovis	1462220
mbovis	1492605
mbovis	1647117
mbovis	1671658
mbovis	1800521
mbovis	1813494
mbovis	2444952
mbovis	2643109
mbovis	2716806
mbovis	2767842
mbovis	2782927
mbovis	2844761
mbovis	3022532
mbovis	3199071
mbovis	3323617
mbovis	3371401
mbovis	3623372
mbovis	3667193
mbovis	3723227
mbovis	3877256
mbovis	4034981
mbovis	4038403
mbovis	4229470
caprae	422182
caprae	649585
caprae	1673766
caprae	2292409
caprae	4398204
dassie	271988
dassie	557574
dassie	1218256
dassie	1226531
dassie	1390170
dassie	1554550
dassie	1663500
dassie	1751197
dassie	2825199
dassie	2846051
dassie	2862458
dassie	2871821
dassie	2909119
dassie	3062450
dassie	3155107
dassie	3392478
dassie	3635392
dassie	4085665
dassie	4242313
microtii	5671
microtii	247252
microtii	1004570
microtii	1364877
microtii	2874797
microtii	3688579
mungi	24974
mungi	45904
mungi	64790
mungi	73027
mungi	270869
mungi	284041
mungi	333878
mungi	352481
mungi	437264
mungi	570683
mungi	649036
mungi	1216954
mungi	1256212
mungi	1567814
mungi	2018219
mungi	2022409
mungi	2427519
mungi	2437426
mungi	2686388
mungi	2747554
mungi	2780127
mungi	2924039
mungi	2937949
mungi	2993651
mungi	2999330
mungi	3180094
mungi	3326925
mungi	3372917
mungi	3625360
mungi	3829350
mungi	4224851
mungi	4268672
mungi	4274530
mungi	4409917
orygis	6109
orygis	8930
orygis	44812
orygis	53899
orygis	247300
orygis	268953
orygis	459600
orygis	498771
orygis	500710
orygis	587601
orygis	634348
orygis	748320
orygis	1125468
orygis	1216738
orygis	1236745
orygis	1344807
orygis	1383800
orygis	1449038
orygis	1490258
orygis	1555342
orygis	1579197
orygis	1652839
orygis	1810542
orygis	1834363
orygis	1918811
orygis	2296634
orygis	2298548
orygis	2301395
orygis	2309820
orygis	2429276
orygis	2486576
orygis	3039261
orygis	3058989
orygis	3061003
orygis	3147196
orygis	3148454
orygis	3155260
orygis	3241414
orygis	3337480
orygis	3337675
orygis	3562936
orygis	3598221
orygis	3667352
orygis	3770449
orygis	4039853
orygis	4067010
orygis	4069621
orygis	4409725
pinepedii	28344
pinepedii	348280
pinepedii	458156
pinepedii	458617
pinepedii	736140
pinepedii	918007
pinepedii	1036936
pinepedii	1391466
pinepedii	1577723
pinepedii	1648564
pinepedii	1650257
pinepedii	1650258
pinepedii	1924695
pinepedii	1937070
pinepedii	2301448
pinepedii	2301749
pinepedii	2352292
pinepedii	2908666
pinepedii	2942959
pinepedii	3090780
pinepedii	3145957
pinepedii	3337219
pinepedii	3469951
pinepedii	4161188
surricate	21664
surricate	286579
surricate	344135
surricate	351101
surricate	495566
surricate	741841
surricate	763375
surricate	765004
surricate	1366453
surricate	1650665
surricate	1831339
surricate	1883911
surricate	2069610
surricate	2410438
surricate	2428451
surricate	2716491
surricate	2746981
surricate	2762930
surricate	2872678
surricate	2914435
surricate	3060380
surricate	3233351
surricate	3233747
surricate	3343629
surricate	3396110
surricate	3603697
surricate	4049678
surricate	4396201
lineage6.2	420308
lineage6.3	733235
lineage6.1	766231
lineage6.3	1221279
lineage6.1	1345631
lineage6.2	1577846
lineage6.3	1870173
lineage6.2	1873040
lineage6.1	1924590
lineage6.1	2069310
lineage6.1	2069373
lineage6.2	2467155
lineage6.1	2621847
lineage6.2	2749452
lineage6.3	2758268
lineage6.3	3153183
lineage6.1	3659895
lineage6.2	4243541
lineage6.3	4289826
lineage6.1	4339220
lineage6.3	4409668
lineage5.2.1	22807
lineage5.2.1	354234
lineage5.2.3	461289
lineage5.2.3	507953
lineage5.2.3	600719
lineage5.2.3	870026
lineage5.2.3	1059186
lineage5.2.3	1130529
lineage5.2.2	1331926
lineage5.1	2382645
lineage5.2.1	2416149
lineage5.2.2	2940052
lineage5.2.3	3008112
lineage5.2.3	3213102
lineage5.2.3	3408428
lineage5.1	3592709
lineage5.2.3	4025068
lineage5.2.3	4209857
lineage5.2.3	4238072
lineage5.2.1	4238174
